BB L.pdf;all_inclusive/l.pdf
BB M НН.pdf;all_inclusive/m_nn.pdf
BB M РО.pdf;all_inclusive/m.pdf
BB S НН.pdf;all_inclusive/s_nn.pdf
BB S РО.pdf;all_inclusive/s.pdf
BB VIP.pdf;all_inclusive/vip.pdf
BB XS НН.pdf;all_inclusive/xs_nn.pdf
BB XS РО.pdf;all_inclusive/xs.pdf
MMS-камера (НН).pdf;pdf_tariffs/mms_kamera_ro.pdf
MMS-камера (РО).pdf;pdf_tariffs/mms_kamera_ro.pdf
MMS-фоторамка (РО).pdf;tarif/mms_fotoramka_ro2.pdf
MMS-фоторамка(НН).pdf;tarif/mms_fotoramka_nn2.pdf
XS (РО) 10-15.pdf;action/tp_all_inc_xs/XS_RO.pdf
XS 07_2015 (РО).pdf;archive/XS_2015_ro.pdf
XS 07_2015 НН.pdf;archive/XS_2015_NN.pdf
XS НН 10-15.pdf;action/tp_all_inc_xs/XS_NN.pdf
ВВ L 07_2015(НН).pdf;archive/vse_vklucheno_L_2015_NN.pdf
ВВ L 07_2015(РО).pdf;archive/vse_vklucheno_L_2015_ro.pdf
ВВ L 10-15.pdf;pdf/vse_vklucheno_L_ro.pdf
ВВ M 2015 (НН).pdf;pdf/vse_vklucheno_M_NN_2015.pdf
ВВ M 2015 (РО).pdf;pdf/vse_vklucheno_M_ro_2015.pdf
ВВ M(НН) 10-15.pdf;pdf/vse_vklucheno_M_NN.pdf
ВВ M(РО) 10-15.pdf;pdf/vse_vklucheno_M_ro.pdf
ВВ S 10-15.pdf;pdf/vse_vklucheno/vse_vklucheno_s.pdf
ВВ VIP (РО) 10-15.pdf;pdf/vse_vklucheno_VIP_ro.pdf
ВВ VIP 10-15(НН).pdf;pdf/vse_vklucheno_VIP_NN.pdf
Ветеран (НН).pdf;pdf/veteran_nn.pdf
Ветеран (РО).pdf;pdf/veteran_ro.pdf
Все включено S 2013.pdf;pdf/s_2013.pdf
Все просто (Калуга).pdf;vse_prosto/vse_prosto_Kaluga.pdf
Все просто (НН).pdf;vse_prosto/vse_prosto_nn.pdf
Все просто (РО).pdf;vse_prosto/vse_prosto_ro.pdf
Все просто (Ту).pdf;vse_prosto/vse_prosto_Tula.pdf
Все просто(КаТу)2014.pdf;vse_prosto/tp_vse_prosto_ka_tu_2014.pdf
Все просто(НН)2014.pdf;vse_prosto/tp_vse_prosto_nn_2014.pdf
Все просто(РО)2014.pdf;vse_prosto/tp_vse_prosto_ro_2014.pdf
Легкий расчет (НН+РО).pdf;pdf/legkiy_raschet_ro_nn.pdf
ПНН (БрКуОрРз).pdf;go_to_zero/zero_brn_ks_orl_rzn.pdf
ПНН (КаТу).pdf;go_to_zero/zero_klg_tula.pdf
ПНН 2014 (НН).pdf;go_to_zero/tp_go_to_zero_nn_2014.pdf
ПНН 2014(РО).pdf;go_to_zero/tp_go_to_zero_ro_2014.pdf
ПНН(Вл).pdf;go_to_zero/zero_vl.pdf
ПНН(НН).pdf;go_to_zero/zero_nn.pdf
Т ПРИЕМ(БрКуОр).pdf;pdf_tariffs/warm_welcome/tp_warm_welcome_br_ku_or.pdf
Т ПРИЕМ(ВлКаРяТу).pdf;pdf_tariffs/warm_welcome/tp_warm_welcome_vl_ka_rya_tu.pdf
Теплый прием(НН).pdf;pdf_tariffs/warm_welcome/tp_warm_welcome_nn.pdf
